Day,Location,Occupants,Water_Usage_Liters,AI_Result,Status,Usage_Deviation_%,Water_Waste_Score,Leak_Risk_Score,Risk_Level,AI_Recommendation,Potential_Saving_Liters,Smart_Action,Estimated_Saving_Liters
1,Hostel A,182,2124.44,1,Normal,36.272025760598346,36.3,43.5,🟡 Medium Risk,⚠️ Monitor usage and inspect possible wastage,0.0,⚠️ Monitor consumption + inspect high-use areas,0.0
1,Hostel B,201,4679.57,-1,Abnormal,153.00443339100346,100.0,100.0,🔴 High Risk,"🚨 Inspect pipes, taps and tanks immediately",2829.97,"🚨 Immediate inspection + check pipes, taps and tanks",2829.97
1,College Block A,179,1475.05,1,Normal,-9.910157514459693,0.0,0.0,🟢 Low Risk,✅ Usage is within the normal range,0.0,✅ Maintain current usage and continue monitoring,0.0
1,College Block B,237,2124.84,1,Normal,34.01069012818696,34.0,40.8,🟡 Medium Risk,⚠️ Monitor usage and inspect possible wastage,0.0,⚠️ Monitor consumption + inspect high-use areas,0.0
1,Canteen,100,1048.85,1,Normal,-35.830725510169756,0.0,0.0,🟢 Low Risk,✅ Usage is within the normal range,0.0,✅ Maintain current usage and continue monitoring,0.0
2,Hostel A,94,891.88,1,Normal,-42.790432144300404,0.0,0.0,🟢 Low Risk,✅ Usage is within the normal range,0.0,✅ Maintain current usage and continue monitoring,0.0
2,Hostel B,130,1236.46,1,Normal,-33.14987024221453,0.0,0.0,🟢 Low Risk,✅ Usage is within the normal range,0.0,✅ Maintain current usage and continue monitoring,0.0
2,College Block A,214,5615.25,-1,Abnormal,242.955823881855,100.0,100.0,🔴 High Risk,"🚨 Inspect pipes, taps and tanks immediately",3977.94,"🚨 Immediate inspection + check pipes, taps and tanks",3977.94
2,College Block B,139,1409.2,1,Normal,-11.123724831685653,0.0,0.0,🟢 Low Risk,✅ Usage is within the normal range,0.0,✅ Maintain current usage and continue monitoring,0.0
2,Canteen,171,1664.63,1,Normal,1.8430656376089396,1.8,2.2,🟢 Low Risk,✅ Usage is within the normal range,0.0,✅ Maintain current usage and continue monitoring,0.0
3,Hostel A,87,694.97,-1,Abnormal,-55.42120759219228,0.0,0.0,🟢 Low Risk,✅ Usage is within the normal range,0.0,✅ Maintain current usage and continue monitoring,0.0
3,Hostel B,81,810.22,1,Normal,-56.194852941176464,0.0,0.0,🟢 Low Risk,✅ Usage is within the normal range,0.0,✅ Maintain current usage and continue monitoring,0.0
3,College Block A,83,768.22,1,Normal,-53.08035741551691,0.0,0.0,🟢 Low Risk,✅ Usage is within the normal range,0.0,✅ Maintain current usage and continue monitoring,0.0
3,College Block B,119,1372.56,1,Normal,-13.43455844094413,0.0,0.0,🟢 Low Risk,✅ Usage is within the normal range,0.0,✅ Maintain current usage and continue monitoring,0.0
3,Canteen,190,1918.23,1,Normal,17.358466324667095,17.4,20.8,🟢 Low Risk,✅ Usage is within the normal range,0.0,✅ Maintain current usage and continue monitoring,0.0
4,Hostel A,120,1024.56,1,Normal,-34.27968466359199,0.0,0.0,🟢 Low Risk,✅ Usage is within the normal range,0.0,✅ Maintain current usage and continue monitoring,0.0
4,Hostel B,168,5275.06,-1,Abnormal,185.20004325259518,100.0,100.0,🔴 High Risk,"🚨 Inspect pipes, taps and tanks immediately",3425.4600000000005,"🚨 Immediate inspection + check pipes, taps and tanks",3425.4600000000005
4,College Block A,160,1820.17,1,Normal,11.168318766757677,11.2,13.4,🟢 Low Risk,✅ Usage is within the normal range,0.0,✅ Maintain current usage and continue monitoring,0.0
4,College Block B,202,1563.32,1,Normal,-1.4035917569335972,0.0,0.0,🟢 Low Risk,✅ Usage is within the normal range,0.0,✅ Maintain current usage and continue monitoring,0.0
4,Canteen,151,1442.87,1,Normal,-11.724344679276001,0.0,0.0,🟢 Low Risk,✅ Usage is within the normal range,0.0,✅ Maintain current usage and continue monitoring,0.0
5,Hostel A,230,2641.94,1,Normal,69.46701989133851,69.5,83.4,🔴 High Risk,"🚨 Inspect pipes, taps and tanks immediately",0.0,"🚨 Immediate inspection + check pipes, taps and tanks",0.0
5,Hostel B,114,1283.04,1,Normal,-30.631487889273355,0.0,0.0,🟢 Low Risk,✅ Usage is within the normal range,0.0,✅ Maintain current usage and continue monitoring,0.0
5,College Block A,210,2596.5,1,Normal,58.5832859995969,58.6,70.3,🔴 High Risk,"🚨 Inspect pipes, taps and tanks immediately",0.0,"🚨 Immediate inspection + check pipes, taps and tanks",0.0
5,College Block B,216,2405.37,1,Normal,51.703325292086475,51.7,62.0,🟡 Medium Risk,⚠️ Monitor usage and inspect possible wastage,0.0,⚠️ Monitor consumption + inspect high-use areas,0.0
5,Canteen,203,1723.53,1,Normal,5.446603100021099,5.4,6.5,🟢 Low Risk,✅ Usage is within the normal range,0.0,✅ Maintain current usage and continue monitoring,0.0
6,Hostel A,175,1841.73,1,Normal,18.137616503204036,18.1,21.8,🟢 Low Risk,✅ Usage is within the normal range,0.0,✅ Maintain current usage and continue monitoring,0.0
6,Hostel B,222,2288.66,1,Normal,23.738105536332178,23.7,28.5,🟢 Low Risk,✅ Usage is within the normal range,0.0,✅ Maintain current usage and continue monitoring,0.0
6,College Block A,124,1092.93,1,Normal,-33.24843798669769,0.0,0.0,🟢 Low Risk,✅ Usage is within the normal range,0.0,✅ Maintain current usage and continue monitoring,0.0
6,College Block B,107,1331.67,1,Normal,-16.013433612411887,0.0,0.0,🟢 Low Risk,✅ Usage is within the normal range,0.0,✅ Maintain current usage and continue monitoring,0.0
6,Canteen,208,1879.68,1,Normal,14.999954114548439,15.0,18.0,🟢 Low Risk,✅ Usage is within the normal range,0.0,✅ Maintain current usage and continue monitoring,0.0
7,Hostel A,195,1707.24,1,Normal,9.510766724183274,9.5,11.4,🟢 Low Risk,✅ Usage is within the normal range,0.0,✅ Maintain current usage and continue monitoring,0.0
7,Hostel B,141,1202.47,1,Normal,-34.98756487889273,0.0,0.0,🟢 Low Risk,✅ Usage is within the normal range,0.0,✅ Maintain current usage and continue monitoring,0.0
7,College Block A,231,2766.01,1,Normal,68.93624298391876,68.9,82.7,🔴 High Risk,"🚨 Inspect pipes, taps and tanks immediately",0.0,"🚨 Immediate inspection + check pipes, taps and tanks",0.0
7,College Block B,192,1329.27,1,Normal,-16.16479825930655,0.0,0.0,🟢 Low Risk,✅ Usage is within the normal range,0.0,✅ Maintain current usage and continue monitoring,0.0
7,Canteen,91,693.83,-1,Abnormal,-57.55106286000961,0.0,0.0,🟢 Low Risk,✅ Usage is within the normal range,0.0,✅ Maintain current usage and continue monitoring,0.0
8,Hostel A,160,1447.66,1,Normal,-7.139970621628379,0.0,0.0,🟢 Low Risk,✅ Usage is within the normal range,0.0,✅ Maintain current usage and continue monitoring,0.0
8,Hostel B,133,1188.62,1,Normal,-35.73637543252595,0.0,0.0,🟢 Low Risk,✅ Usage is within the normal range,0.0,✅ Maintain current usage and continue monitoring,0.0
8,College Block A,132,1164.43,1,Normal,-28.88151907702267,0.0,0.0,🟢 Low Risk,✅ Usage is within the normal range,0.0,✅ Maintain current usage and continue monitoring,0.0
8,College Block B,239,2436.12,1,Normal,53.6426848304243,53.6,64.4,🟡 Medium Risk,⚠️ Monitor usage and inspect possible wastage,0.0,⚠️ Monitor consumption + inspect high-use areas,0.0
8,Canteen,117,1047.03,1,Normal,-35.94207420595227,0.0,0.0,🟢 Low Risk,✅ Usage is within the normal range,0.0,✅ Maintain current usage and continue monitoring,0.0
9,Hostel A,218,2368.93,1,Normal,51.95481632103246,52.0,62.3,🟡 Medium Risk,⚠️ Monitor usage and inspect possible wastage,0.0,⚠️ Monitor consumption + inspect high-use areas,0.0
9,Hostel B,172,2026.06,1,Normal,9.54044117647059,9.5,11.4,🟢 Low Risk,✅ Usage is within the normal range,0.0,✅ Maintain current usage and continue monitoring,0.0
9,College Block A,243,1716.96,1,Normal,4.864686589589027,4.9,5.8,🟢 Low Risk,✅ Usage is within the normal range,0.0,✅ Maintain current usage and continue monitoring,0.0
9,College Block B,131,1549.29,1,Normal,-2.288444255238627,0.0,0.0,🟢 Low Risk,✅ Usage is within the normal range,0.0,✅ Maintain current usage and continue monitoring,0.0
9,Canteen,118,1343.08,1,Normal,-17.82955696067006,0.0,0.0,🟢 Low Risk,✅ Usage is within the normal range,0.0,✅ Maintain current usage and continue monitoring,0.0
10,Hostel A,230,2172.5,1,Normal,39.35483043291404,39.4,47.2,🟡 Medium Risk,⚠️ Monitor usage and inspect possible wastage,0.0,⚠️ Monitor consumption + inspect high-use areas,0.0
10,Hostel B,86,931.69,1,Normal,-49.62748702422145,0.0,0.0,🟢 Low Risk,✅ Usage is within the normal range,0.0,✅ Maintain current usage and continue monitoring,0.0
10,College Block A,81,1072.3,1,Normal,-34.50843151266407,0.0,0.0,🟢 Low Risk,✅ Usage is within the normal range,0.0,✅ Maintain current usage and continue monitoring,0.0
10,College Block B,116,1273.19,1,Normal,-19.701685508411764,0.0,0.0,🟢 Low Risk,✅ Usage is within the normal range,0.0,✅ Maintain current usage and continue monitoring,0.0
10,Canteen,210,2236.81,1,Normal,36.84938253477351,36.8,44.2,🟡 Medium Risk,⚠️ Monitor usage and inspect possible wastage,0.0,⚠️ Monitor consumption + inspect high-use areas,0.0
11,Hostel A,240,4962.51,-1,Abnormal,218.3197880651969,100.0,100.0,🔴 High Risk,"🚨 Inspect pipes, taps and tanks immediately",3403.54,"🚨 Immediate inspection + check pipes, taps and tanks",3403.54
11,Hostel B,178,2260.78,1,Normal,22.230752595155725,22.2,26.7,🟢 Low Risk,✅ Usage is within the normal range,0.0,✅ Maintain current usage and continue monitoring,0.0
11,College Block A,189,2088.6,1,Normal,27.562892793667658,27.6,33.1,🟢 Low Risk,✅ Usage is within the normal range,0.0,✅ Maintain current usage and continue monitoring,0.0
11,College Block B,240,2142.73,1,Normal,35.138987433580894,35.1,42.2,🟡 Medium Risk,⚠️ Monitor usage and inspect possible wastage,0.0,⚠️ Monitor consumption + inspect high-use areas,0.0
11,Canteen,127,1502.75,1,Normal,-8.060850226827089,0.0,0.0,🟢 Low Risk,✅ Usage is within the normal range,0.0,✅ Maintain current usage and continue monitoring,0.0
12,Hostel A,112,1176.67,1,Normal,-24.52260146122119,0.0,0.0,🟢 Low Risk,✅ Usage is within the normal range,0.0,✅ Maintain current usage and continue monitoring,0.0
12,Hostel B,198,1827.41,1,Normal,-1.1997188581314786,0.0,0.0,🟢 Low Risk,✅ Usage is within the normal range,0.0,✅ Maintain current usage and continue monitoring,0.0
12,College Block A,87,919.98,1,Normal,-43.81149568499551,0.0,0.0,🟢 Low Risk,✅ Usage is within the normal range,0.0,✅ Maintain current usage and continue monitoring,0.0
12,College Block B,109,1231.7,1,Normal,-22.31840184160319,0.0,0.0,🟢 Low Risk,✅ Usage is within the normal range,0.0,✅ Maintain current usage and continue monitoring,0.0
12,Canteen,127,3077.08,-1,Abnormal,88.2576070431109,88.3,100.0,🔴 High Risk,"🚨 Inspect pipes, taps and tanks immediately",1442.5749999999998,"🚨 Immediate inspection + check pipes, taps and tanks",1442.5749999999998
13,Hostel A,96,985.86,1,Normal,-36.7620929203256,0.0,0.0,🟢 Low Risk,✅ Usage is within the normal range,0.0,✅ Maintain current usage and continue monitoring,0.0
13,Hostel B,203,1604.72,1,Normal,-13.239619377162622,0.0,0.0,🟢 Low Risk,✅ Usage is within the normal range,0.0,✅ Maintain current usage and continue monitoring,0.0
13,College Block A,125,1382.84,1,Normal,-15.541956013216804,0.0,0.0,🟢 Low Risk,✅ Usage is within the normal range,0.0,✅ Maintain current usage and continue monitoring,0.0
13,College Block B,146,1113.44,1,Normal,-29.776894817337546,0.0,0.0,🟢 Low Risk,✅ Usage is within the normal range,0.0,✅ Maintain current usage and continue monitoring,0.0
13,Canteen,133,1332.87,1,Normal,-18.454210907889557,0.0,0.0,🟢 Low Risk,✅ Usage is within the normal range,0.0,✅ Maintain current usage and continue monitoring,0.0
14,Hostel A,165,1575.85,1,Normal,1.0827661853659714,1.1,1.3,🟢 Low Risk,✅ Usage is within the normal range,0.0,✅ Maintain current usage and continue monitoring,0.0
14,Hostel B,209,2011.52,1,Normal,8.754325259515575,8.8,10.5,🟢 Low Risk,✅ Usage is within the normal range,0.0,✅ Maintain current usage and continue monitoring,0.0
14,College Block A,105,1348.21,1,Normal,-17.657010584434218,0.0,0.0,🟢 Low Risk,✅ Usage is within the normal range,0.0,✅ Maintain current usage and continue monitoring,0.0
14,College Block B,92,731.96,-1,Abnormal,-53.8363054412437,0.0,0.0,🟢 Low Risk,✅ Usage is within the normal range,0.0,✅ Maintain current usage and continue monitoring,0.0
14,Canteen,222,2087.96,1,Normal,27.74264991541781,27.7,33.3,🟢 Low Risk,✅ Usage is within the normal range,0.0,✅ Maintain current usage and continue monitoring,0.0
15,Hostel A,165,1555.0,1,Normal,-0.2546553172928297,0.0,0.0,🟢 Low Risk,✅ Usage is within the normal range,0.0,✅ Maintain current usage and continue monitoring,0.0
15,Hostel B,249,2843.0,-1,Abnormal,53.708910034602084,53.7,64.5,🟡 Medium Risk,⚠️ Monitor usage and inspect possible wastage,993.4000000000001,⚠️ Monitor consumption + inspect high-use areas,993.4000000000001
15,College Block A,180,1712.09,1,Normal,4.5672474974195465,4.6,5.5,🟢 Low Risk,✅ Usage is within the normal range,0.0,✅ Maintain current usage and continue monitoring,0.0
15,College Block B,85,735.5,-1,Abnormal,-53.61304258707409,0.0,0.0,🟢 Low Risk,✅ Usage is within the normal range,0.0,✅ Maintain current usage and continue monitoring,0.0
15,Canteen,126,1348.89,1,Normal,-17.4740976625951,0.0,0.0,🟢 Low Risk,✅ Usage is within the normal range,0.0,✅ Maintain current usage and continue monitoring,0.0
16,Hostel A,137,3235.0,-1,Abnormal,107.50880388974771,100.0,100.0,🔴 High Risk,"🚨 Inspect pipes, taps and tanks immediately",1676.03,"🚨 Immediate inspection + check pipes, taps and tanks",1676.03
16,Hostel B,102,961.55,1,Normal,-48.0130839100346,0.0,0.0,🟢 Low Risk,✅ Usage is within the normal range,0.0,✅ Maintain current usage and continue monitoring,0.0
16,College Block A,113,1025.12,1,Normal,-37.38998723516011,0.0,0.0,🟢 Low Risk,✅ Usage is within the normal range,0.0,✅ Maintain current usage and continue monitoring,0.0
16,College Block B,168,1841.61,1,Normal,16.14776973653092,16.1,19.4,🟢 Low Risk,✅ Usage is within the normal range,0.0,✅ Maintain current usage and continue monitoring,0.0
16,Canteen,155,1801.12,1,Normal,10.193606015276782,10.2,12.2,🟢 Low Risk,✅ Usage is within the normal range,0.0,✅ Maintain current usage and continue monitoring,0.0
17,Hostel A,165,1304.25,1,Normal,-16.338993053105575,0.0,0.0,🟢 Low Risk,✅ Usage is within the normal range,0.0,✅ Maintain current usage and continue monitoring,0.0
17,Hostel B,164,1865.6,1,Normal,0.8650519031141869,0.9,1.0,🟢 Low Risk,✅ Usage is within the normal range,0.0,✅ Maintain current usage and continue monitoring,0.0
17,College Block A,180,4364.33,-1,Abnormal,166.55489797289457,100.0,100.0,🔴 High Risk,"🚨 Inspect pipes, taps and tanks immediately",2727.02,"🚨 Immediate inspection + check pipes, taps and tanks",2727.02
17,College Block B,226,2502.38,1,Normal,57.82161045677439,57.8,69.4,🟡 Medium Risk,⚠️ Monitor usage and inspect possible wastage,0.0,⚠️ Monitor consumption + inspect high-use areas,0.0
17,Canteen,148,1661.08,1,Normal,1.6258745002309456,1.6,2.0,🟢 Low Risk,✅ Usage is within the normal range,0.0,✅ Maintain current usage and continue monitoring,0.0
18,Hostel A,207,2208.82,1,Normal,41.68457378910435,41.7,50.0,🟡 Medium Risk,⚠️ Monitor usage and inspect possible wastage,0.0,⚠️ Monitor consumption + inspect high-use areas,0.0
18,Hostel B,219,1989.09,1,Normal,7.5416306228373715,7.5,9.0,🟢 Low Risk,✅ Usage is within the normal range,0.0,✅ Maintain current usage and continue monitoring,0.0
18,College Block A,180,2210.02,1,Normal,34.978715087552146,35.0,42.0,🟡 Medium Risk,⚠️ Monitor usage and inspect possible wastage,0.0,⚠️ Monitor consumption + inspect high-use areas,0.0
18,College Block B,247,6406.46,-1,Abnormal,304.0464815603173,100.0,100.0,🔴 High Risk,"🚨 Inspect pipes, taps and tanks immediately",4820.885,"🚨 Immediate inspection + check pipes, taps and tanks",4820.885
18,Canteen,233,2374.76,1,Normal,45.28924659147571,45.3,54.3,🟡 Medium Risk,⚠️ Monitor usage and inspect possible wastage,0.0,⚠️ Monitor consumption + inspect high-use areas,0.0
19,Hostel A,194,1821.29,1,Normal,16.826494416185042,16.8,20.2,🟢 Low Risk,✅ Usage is within the normal range,0.0,✅ Maintain current usage and continue monitoring,0.0
19,Hostel B,236,1818.28,1,Normal,-1.6933391003460176,0.0,0.0,🟢 Low Risk,✅ Usage is within the normal range,0.0,✅ Maintain current usage and continue monitoring,0.0
19,College Block A,243,2243.0,1,Normal,36.99299460700784,37.0,44.4,🟡 Medium Risk,⚠️ Monitor usage and inspect possible wastage,0.0,⚠️ Monitor consumption + inspect high-use areas,0.0
19,College Block B,115,1144.41,1,Normal,-27.82366018636771,0.0,0.0,🟢 Low Risk,✅ Usage is within the normal range,0.0,✅ Maintain current usage and continue monitoring,0.0
19,Canteen,231,2324.09,1,Normal,42.18922548416799,42.2,50.6,🟡 Medium Risk,⚠️ Monitor usage and inspect possible wastage,0.0,⚠️ Monitor consumption + inspect high-use areas,0.0
20,Hostel A,102,1156.5,1,Normal,-25.816404420867627,0.0,0.0,🟢 Low Risk,✅ Usage is within the normal range,0.0,✅ Maintain current usage and continue monitoring,0.0
20,Hostel B,96,781.92,1,Normal,-57.724913494809684,0.0,0.0,🟢 Low Risk,✅ Usage is within the normal range,0.0,✅ Maintain current usage and continue monitoring,0.0
20,College Block A,98,2686.81,1,Normal,64.09904049935565,64.1,76.9,🔴 High Risk,"🚨 Inspect pipes, taps and tanks immediately",0.0,"🚨 Immediate inspection + check pipes, taps and tanks",0.0
20,College Block B,155,1472.14,1,Normal,-7.154186966873199,0.0,0.0,🟢 Low Risk,✅ Usage is within the normal range,0.0,✅ Maintain current usage and continue monitoring,0.0
20,Canteen,190,1617.2,1,Normal,-1.0587303189650727,0.0,0.0,🟢 Low Risk,✅ Usage is within the normal range,0.0,✅ Maintain current usage and continue monitoring,0.0
21,Hostel A,219,2228.91,1,Normal,42.97324515545519,43.0,51.6,🟡 Medium Risk,⚠️ Monitor usage and inspect possible wastage,0.0,⚠️ Monitor consumption + inspect high-use areas,0.0
21,Hostel B,136,1222.54,1,Normal,-33.902465397923876,0.0,0.0,🟢 Low Risk,✅ Usage is within the normal range,0.0,✅ Maintain current usage and continue monitoring,0.0
21,College Block A,246,3375.73,-1,Abnormal,106.175373020381,100.0,100.0,🔴 High Risk,"🚨 Inspect pipes, taps and tanks immediately",1738.42,"🚨 Immediate inspection + check pipes, taps and tanks",1738.42
21,College Block B,88,1003.51,1,Normal,-36.71002633114169,0.0,0.0,🟢 Low Risk,✅ Usage is within the normal range,0.0,✅ Maintain current usage and continue monitoring,0.0
21,Canteen,86,800.83,1,Normal,-51.00473843763097,0.0,0.0,🟢 Low Risk,✅ Usage is within the normal range,0.0,✅ Maintain current usage and continue monitoring,0.0
22,Hostel A,84,752.82,1,Normal,-51.7104241903308,0.0,0.0,🟢 Low Risk,✅ Usage is within the normal range,0.0,✅ Maintain current usage and continue monitoring,0.0
22,Hostel B,215,2230.44,1,Normal,20.590397923875443,20.6,24.7,🟢 Low Risk,✅ Usage is within the normal range,0.0,✅ Maintain current usage and continue monitoring,0.0
22,College Block A,124,1313.52,1,Normal,-19.775729702988436,0.0,0.0,🟢 Low Risk,✅ Usage is within the normal range,0.0,✅ Maintain current usage and continue monitoring,0.0
22,College Block B,238,2641.94,1,Normal,66.62346467369883,66.6,79.9,🔴 High Risk,"🚨 Inspect pipes, taps and tanks immediately",0.0,"🚨 Immediate inspection + check pipes, taps and tanks",0.0
22,Canteen,98,769.36,1,Normal,-52.93009198503523,0.0,0.0,🟢 Low Risk,✅ Usage is within the normal range,0.0,✅ Maintain current usage and continue monitoring,0.0
23,Hostel A,220,2385.83,1,Normal,53.038865404722344,53.0,63.6,🟡 Medium Risk,⚠️ Monitor usage and inspect possible wastage,0.0,⚠️ Monitor consumption + inspect high-use areas,0.0
23,Hostel B,206,2265.31,1,Normal,22.475670415224915,22.5,27.0,🟢 Low Risk,✅ Usage is within the normal range,0.0,✅ Maintain current usage and continue monitoring,0.0
23,College Block A,171,1791.81,1,Normal,9.436209392234824,9.4,11.3,🟢 Low Risk,✅ Usage is within the normal range,0.0,✅ Maintain current usage and continue monitoring,0.0
23,College Block B,245,2226.37,1,Normal,40.41404537785978,40.4,48.5,🟡 Medium Risk,⚠️ Monitor usage and inspect possible wastage,0.0,⚠️ Monitor consumption + inspect high-use areas,0.0
23,Canteen,239,2391.27,1,Normal,46.29933833178851,46.3,55.6,🟡 Medium Risk,⚠️ Monitor usage and inspect possible wastage,0.0,⚠️ Monitor consumption + inspect high-use areas,0.0
24,Hostel A,243,2461.72,1,Normal,57.906823094735614,57.9,69.5,🟡 Medium Risk,⚠️ Monitor usage and inspect possible wastage,0.0,⚠️ Monitor consumption + inspect high-use areas,0.0
24,Hostel B,225,1840.13,1,Normal,-0.5120025951556986,0.0,0.0,🟢 Low Risk,✅ Usage is within the normal range,0.0,✅ Maintain current usage and continue monitoring,0.0
24,College Block A,133,1268.48,1,Normal,-22.52658323713896,0.0,0.0,🟢 Low Risk,✅ Usage is within the normal range,0.0,✅ Maintain current usage and continue monitoring,0.0
24,College Block B,91,1064.62,1,Normal,-32.85590400958643,0.0,0.0,🟢 Low Risk,✅ Usage is within the normal range,0.0,✅ Maintain current usage and continue monitoring,0.0
24,Canteen,196,1699.68,1,Normal,3.987445740453529,4.0,4.8,🟢 Low Risk,✅ Usage is within the normal range,0.0,✅ Maintain current usage and continue monitoring,0.0
25,Hostel A,169,1516.71,1,Normal,-2.710764158386626,0.0,0.0,🟢 Low Risk,✅ Usage is within the normal range,0.0,✅ Maintain current usage and continue monitoring,0.0
25,Hostel B,234,2348.68,1,Normal,26.983131487889274,27.0,32.4,🟢 Low Risk,✅ Usage is within the normal range,0.0,✅ Maintain current usage and continue monitoring,0.0
25,College Block A,240,2034.29,1,Normal,24.245866695983047,24.2,29.1,🟢 Low Risk,✅ Usage is within the normal range,0.0,✅ Maintain current usage and continue monitoring,0.0
25,College Block B,114,1357.06,1,Normal,-14.41212178547214,0.0,0.0,🟢 Low Risk,✅ Usage is within the normal range,0.0,✅ Maintain current usage and continue monitoring,0.0
25,Canteen,126,1326.29,1,Normal,-18.8567792695648,0.0,0.0,🟢 Low Risk,✅ Usage is within the normal range,0.0,✅ Maintain current usage and continue monitoring,0.0
26,Hostel A,197,2248.31,1,Normal,44.21765652963174,44.2,53.1,🟡 Medium Risk,⚠️ Monitor usage and inspect possible wastage,0.0,⚠️ Monitor consumption + inspect high-use areas,0.0
26,Hostel B,90,959.36,1,Normal,-48.13148788927336,0.0,0.0,🟢 Low Risk,✅ Usage is within the normal range,0.0,✅ Maintain current usage and continue monitoring,0.0
26,College Block A,240,2353.56,1,Normal,43.74553383293328,43.7,52.5,🟡 Medium Risk,⚠️ Monitor usage and inspect possible wastage,0.0,⚠️ Monitor consumption + inspect high-use areas,0.0
26,College Block B,208,1704.69,1,Normal,7.512416631190594,7.5,9.0,🟢 Low Risk,✅ Usage is within the normal range,0.0,✅ Maintain current usage and continue monitoring,0.0
26,Canteen,212,2442.68,1,Normal,49.44463308463416,49.4,59.3,🟡 Medium Risk,⚠️ Monitor usage and inspect possible wastage,0.0,⚠️ Monitor consumption + inspect high-use areas,0.0
27,Hostel A,132,1498.85,1,Normal,-3.856392361623387,0.0,0.0,🟢 Low Risk,✅ Usage is within the normal range,0.0,✅ Maintain current usage and continue monitoring,0.0
27,Hostel B,189,1786.9,1,Normal,-3.3899221453287103,0.0,0.0,🟢 Low Risk,✅ Usage is within the normal range,0.0,✅ Maintain current usage and continue monitoring,0.0
27,College Block A,83,802.68,1,Normal,-50.975685728420395,0.0,0.0,🟢 Low Risk,✅ Usage is within the normal range,0.0,✅ Maintain current usage and continue monitoring,0.0
27,College Block B,151,1372.01,1,Normal,-13.469246172524155,0.0,0.0,🟢 Low Risk,✅ Usage is within the normal range,0.0,✅ Maintain current usage and continue monitoring,0.0
27,Canteen,197,2398.38,1,Normal,46.73433241256527,46.7,56.1,🟡 Medium Risk,⚠️ Monitor usage and inspect possible wastage,0.0,⚠️ Monitor consumption + inspect high-use areas,0.0
28,Hostel A,136,1344.76,1,Normal,-13.74048249805962,0.0,0.0,🟢 Low Risk,✅ Usage is within the normal range,0.0,✅ Maintain current usage and continue monitoring,0.0
28,Hostel B,230,2836.67,-1,Abnormal,53.36667387543253,53.4,64.0,🟡 Medium Risk,⚠️ Monitor usage and inspect possible wastage,987.0700000000002,⚠️ Monitor consumption + inspect high-use areas,987.0700000000002
28,College Block A,245,2745.04,1,Normal,67.65548368971056,67.7,81.2,🔴 High Risk,"🚨 Inspect pipes, taps and tanks immediately",0.0,"🚨 Immediate inspection + check pipes, taps and tanks",0.0
28,College Block B,129,1209.89,1,Normal,-23.69392807025841,0.0,0.0,🟢 Low Risk,✅ Usage is within the normal range,0.0,✅ Maintain current usage and continue monitoring,0.0
28,Canteen,131,1117.09,1,Normal,-31.655761224346218,0.0,0.0,🟢 Low Risk,✅ Usage is within the normal range,0.0,✅ Maintain current usage and continue monitoring,0.0
29,Hostel A,158,1633.55,1,Normal,4.78392784979826,4.8,5.7,🟢 Low Risk,✅ Usage is within the normal range,0.0,✅ Maintain current usage and continue monitoring,0.0
29,Hostel B,211,2130.6,1,Normal,15.192474048442909,15.2,18.2,🟢 Low Risk,✅ Usage is within the normal range,0.0,✅ Maintain current usage and continue monitoring,0.0
29,College Block A,96,893.81,1,Normal,-45.40984908172552,0.0,0.0,🟢 Low Risk,✅ Usage is within the normal range,0.0,✅ Maintain current usage and continue monitoring,0.0
29,College Block B,205,2153.74,1,Normal,35.83337275121013,35.8,43.0,🟡 Medium Risk,⚠️ Monitor usage and inspect possible wastage,0.0,⚠️ Monitor consumption + inspect high-use areas,0.0
29,Canteen,194,2337.81,1,Normal,43.02862334468232,43.0,51.6,🟡 Medium Risk,⚠️ Monitor usage and inspect possible wastage,0.0,⚠️ Monitor consumption + inspect high-use areas,0.0
30,Hostel A,223,2148.01,1,Normal,37.78392143530665,37.8,45.3,🟡 Medium Risk,⚠️ Monitor usage and inspect possible wastage,0.0,⚠️ Monitor consumption + inspect high-use areas,0.0
30,Hostel B,104,1403.19,1,Normal,-24.13548875432525,0.0,0.0,🟢 Low Risk,✅ Usage is within the normal range,0.0,✅ Maintain current usage and continue monitoring,0.0
30,College Block A,201,1742.29,1,Normal,6.411736323603962,6.4,7.7,🟢 Low Risk,✅ Usage is within the normal range,0.0,✅ Maintain current usage and continue monitoring,0.0
30,College Block B,171,1612.3,1,Normal,1.685508411774917,1.7,2.0,🟢 Low Risk,✅ Usage is within the normal range,0.0,✅ Maintain current usage and continue monitoring,0.0
30,Canteen,91,771.71,1,Normal,-52.78631757015121,0.0,0.0,🟢 Low Risk,✅ Usage is within the normal range,0.0,✅ Maintain current usage and continue monitoring,0.0
31,Hostel A,157,1390.11,1,Normal,-10.831510548631476,0.0,0.0,🟢 Low Risk,✅ Usage is within the normal range,0.0,✅ Maintain current usage and continue monitoring,0.0
31,Hostel B,135,1517.77,1,Normal,-17.940635813148788,0.0,0.0,🟢 Low Risk,✅ Usage is within the normal range,0.0,✅ Maintain current usage and continue monitoring,0.0
31,College Block A,140,1137.43,1,Normal,-30.530565378578274,0.0,0.0,🟢 Low Risk,✅ Usage is within the normal range,0.0,✅ Maintain current usage and continue monitoring,0.0
31,College Block B,135,1345.47,1,Normal,-15.143086892767595,0.0,0.0,🟢 Low Risk,✅ Usage is within the normal range,0.0,✅ Maintain current usage and continue monitoring,0.0
31,Canteen,157,1651.81,1,Normal,1.0587303189650588,1.1,1.3,🟢 Low Risk,✅ Usage is within the normal range,0.0,✅ Maintain current usage and continue monitoring,0.0
32,Hostel A,186,1735.0,1,Normal,11.291429597747229,11.3,13.5,🟢 Low Risk,✅ Usage is within the normal range,0.0,✅ Maintain current usage and continue monitoring,0.0
32,Hostel B,117,1108.41,1,Normal,-40.07298875432525,0.0,0.0,🟢 Low Risk,✅ Usage is within the normal range,0.0,✅ Maintain current usage and continue monitoring,0.0
32,College Block A,118,1016.71,1,Normal,-37.9036346202002,0.0,0.0,🟢 Low Risk,✅ Usage is within the normal range,0.0,✅ Maintain current usage and continue monitoring,0.0
32,College Block B,205,1768.55,1,Normal,11.539977610645991,11.5,13.8,🟢 Low Risk,✅ Usage is within the normal range,0.0,✅ Maintain current usage and continue monitoring,0.0
32,Canteen,146,1659.6,1,Normal,1.535327209155053,1.5,1.8,🟢 Low Risk,✅ Usage is within the normal range,0.0,✅ Maintain current usage and continue monitoring,0.0
33,Hostel A,190,2426.84,1,Normal,55.66944841786565,55.7,66.8,🟡 Medium Risk,⚠️ Monitor usage and inspect possible wastage,0.0,⚠️ Monitor consumption + inspect high-use areas,0.0
33,Hostel B,121,1228.34,1,Normal,-33.58888408304498,0.0,0.0,🟢 Low Risk,✅ Usage is within the normal range,0.0,✅ Maintain current usage and continue monitoring,0.0
33,College Block A,105,1094.19,1,Normal,-33.171482492625096,0.0,0.0,🟢 Low Risk,✅ Usage is within the normal range,0.0,✅ Maintain current usage and continue monitoring,0.0
33,College Block B,200,1555.25,1,Normal,-1.9125553821168866,0.0,0.0,🟢 Low Risk,✅ Usage is within the normal range,0.0,✅ Maintain current usage and continue monitoring,0.0
33,Canteen,149,1297.69,1,Normal,-20.60654448900432,0.0,0.0,🟢 Low Risk,✅ Usage is within the normal range,0.0,✅ Maintain current usage and continue monitoring,0.0
34,Hostel A,174,1383.41,1,Normal,-11.261281487135735,0.0,0.0,🟢 Low Risk,✅ Usage is within the normal range,0.0,✅ Maintain current usage and continue monitoring,0.0
34,Hostel B,210,2166.47,1,Normal,17.13181228373702,17.1,20.6,🟢 Low Risk,✅ Usage is within the normal range,0.0,✅ Maintain current usage and continue monitoring,0.0
34,College Block A,145,1488.07,1,Normal,-9.114950742376216,0.0,0.0,🟢 Low Risk,✅ Usage is within the normal range,0.0,✅ Maintain current usage and continue monitoring,0.0
34,College Block B,158,1677.27,1,Normal,5.783075540419102,5.8,6.9,🟢 Low Risk,✅ Usage is within the normal range,0.0,✅ Maintain current usage and continue monitoring,0.0
34,Canteen,158,1533.88,1,Normal,-6.156298084129445,0.0,0.0,🟢 Low Risk,✅ Usage is within the normal range,0.0,✅ Maintain current usage and continue monitoring,0.0
35,Hostel A,123,1140.5,1,Normal,-26.842723079982296,0.0,0.0,🟢 Low Risk,✅ Usage is within the normal range,0.0,✅ Maintain current usage and continue monitoring,0.0
35,Hostel B,80,780.94,1,Normal,-57.77789792387543,0.0,0.0,🟢 Low Risk,✅ Usage is within the normal range,0.0,✅ Maintain current usage and continue monitoring,0.0
35,College Block A,116,1144.42,1,Normal,-30.10364561384221,0.0,0.0,🟢 Low Risk,✅ Usage is within the normal range,0.0,✅ Maintain current usage and continue monitoring,0.0
35,College Block B,213,2066.73,1,Normal,30.345773615250003,30.3,36.4,🟢 Low Risk,✅ Usage is within the normal range,0.0,✅ Maintain current usage and continue monitoring,0.0
35,Canteen,230,2462.56,1,Normal,50.66090345395088,50.7,60.8,🟡 Medium Risk,⚠️ Monitor usage and inspect possible wastage,0.0,⚠️ Monitor consumption + inspect high-use areas,0.0
36,Hostel A,142,1399.71,1,Normal,-10.215719353162664,0.0,0.0,🟢 Low Risk,✅ Usage is within the normal range,0.0,✅ Maintain current usage and continue monitoring,0.0
36,Hostel B,222,1883.94,1,Normal,1.8566176470588316,1.9,2.2,🟢 Low Risk,✅ Usage is within the normal range,0.0,✅ Maintain current usage and continue monitoring,0.0
36,College Block A,141,1420.79,1,Normal,-13.224129822696984,0.0,0.0,🟢 Low Risk,✅ Usage is within the normal range,0.0,✅ Maintain current usage and continue monitoring,0.0
36,College Block B,196,2155.83,1,Normal,35.96518613121424,36.0,43.2,🟡 Medium Risk,⚠️ Monitor usage and inspect possible wastage,0.0,⚠️ Monitor consumption + inspect high-use areas,0.0
36,Canteen,143,1571.21,1,Normal,-3.8724262085463224,0.0,0.0,🟢 Low Risk,✅ Usage is within the normal range,0.0,✅ Maintain current usage and continue monitoring,0.0
37,Hostel A,93,1004.57,1,Normal,-35.561941538323374,0.0,0.0,🟢 Low Risk,✅ Usage is within the normal range,0.0,✅ Maintain current usage and continue monitoring,0.0
37,Hostel B,157,1642.63,1,Normal,-11.189987024221443,0.0,0.0,🟢 Low Risk,✅ Usage is within the normal range,0.0,✅ Maintain current usage and continue monitoring,0.0
37,College Block A,121,1134.77,1,Normal,-30.693026977175975,0.0,0.0,🟢 Low Risk,✅ Usage is within the normal range,0.0,✅ Maintain current usage and continue monitoring,0.0
37,College Block B,204,2073.39,1,Normal,30.765810510382675,30.8,36.9,🟢 Low Risk,✅ Usage is within the normal range,0.0,✅ Maintain current usage and continue monitoring,0.0
37,Canteen,222,2067.16,1,Normal,26.470093392189053,26.5,31.8,🟢 Low Risk,✅ Usage is within the normal range,0.0,✅ Maintain current usage and continue monitoring,0.0
38,Hostel A,132,1336.54,1,Normal,-14.267753709179784,0.0,0.0,🟢 Low Risk,✅ Usage is within the normal range,0.0,✅ Maintain current usage and continue monitoring,0.0
38,Hostel B,213,2133.23,1,Normal,15.334666955017306,15.3,18.4,🟢 Low Risk,✅ Usage is within the normal range,0.0,✅ Maintain current usage and continue monitoring,0.0
38,College Block A,190,2164.95,1,Normal,32.22602927973321,32.2,38.7,🟢 Low Risk,✅ Usage is within the normal range,0.0,✅ Maintain current usage and continue monitoring,0.0
38,College Block B,234,2514.21,1,Normal,58.5677120287593,58.6,70.3,🔴 High Risk,"🚨 Inspect pipes, taps and tanks immediately",0.0,"🚨 Immediate inspection + check pipes, taps and tanks",0.0
38,Canteen,112,849.08,1,Normal,-48.05277438735275,0.0,0.0,🟢 Low Risk,✅ Usage is within the normal range,0.0,✅ Maintain current usage and continue monitoring,0.0
39,Hostel A,89,859.0,-1,Abnormal,-44.89951698878106,0.0,0.0,🟢 Low Risk,✅ Usage is within the normal range,0.0,✅ Maintain current usage and continue monitoring,0.0
39,Hostel B,126,1464.51,1,Normal,-20.820177335640135,0.0,0.0,🟢 Low Risk,✅ Usage is within the normal range,0.0,✅ Maintain current usage and continue monitoring,0.0
39,College Block A,94,1015.82,1,Normal,-37.957992072362586,0.0,0.0,🟢 Low Risk,✅ Usage is within the normal range,0.0,✅ Maintain current usage and continue monitoring,0.0
39,College Block B,209,1607.83,1,Normal,1.4035917569336114,1.4,1.7,🟢 Low Risk,✅ Usage is within the normal range,0.0,✅ Maintain current usage and continue monitoring,0.0
39,Canteen,243,2318.53,1,Normal,41.849061336612614,41.8,50.2,🟡 Medium Risk,⚠️ Monitor usage and inspect possible wastage,0.0,⚠️ Monitor consumption + inspect high-use areas,0.0
40,Hostel A,153,1290.88,1,Normal,-17.196610582628267,0.0,0.0,🟢 Low Risk,✅ Usage is within the normal range,0.0,✅ Maintain current usage and continue monitoring,0.0
40,Hostel B,102,1019.01,1,Normal,-44.906466262975776,0.0,0.0,🟢 Low Risk,✅ Usage is within the normal range,0.0,✅ Maintain current usage and continue monitoring,0.0
40,College Block A,190,2510.0,1,Normal,53.30023025572434,53.3,64.0,🟡 Medium Risk,⚠️ Monitor usage and inspect possible wastage,0.0,⚠️ Monitor consumption + inspect high-use areas,0.0
40,College Block B,179,2291.28,1,Normal,44.50782839033161,44.5,53.4,🟡 Medium Risk,⚠️ Monitor usage and inspect possible wastage,0.0,⚠️ Monitor consumption + inspect high-use areas,0.0
40,Canteen,216,2207.12,1,Normal,35.03293045906864,35.0,42.0,🟡 Medium Risk,⚠️ Monitor usage and inspect possible wastage,0.0,⚠️ Monitor consumption + inspect high-use areas,0.0
41,Hostel A,119,1284.19,1,Normal,-17.625740071970593,0.0,0.0,🟢 Low Risk,✅ Usage is within the normal range,0.0,✅ Maintain current usage and continue monitoring,0.0
41,Hostel B,136,1218.41,1,Normal,-34.12575692041522,0.0,0.0,🟢 Low Risk,✅ Usage is within the normal range,0.0,✅ Maintain current usage and continue monitoring,0.0
41,College Block A,194,1916.23,1,Normal,17.03525905295882,17.0,20.4,🟢 Low Risk,✅ Usage is within the normal range,0.0,✅ Maintain current usage and continue monitoring,0.0
41,College Block B,136,1078.88,1,Normal,-31.956545732620643,0.0,0.0,🟢 Low Risk,✅ Usage is within the normal range,0.0,✅ Maintain current usage and continue monitoring,0.0
41,Canteen,142,1200.75,1,Normal,-26.537392054475212,0.0,0.0,🟢 Low Risk,✅ Usage is within the normal range,0.0,✅ Maintain current usage and continue monitoring,0.0
42,Hostel A,207,1431.63,1,Normal,-8.168213628228889,0.0,0.0,🟢 Low Risk,✅ Usage is within the normal range,0.0,✅ Maintain current usage and continue monitoring,0.0
42,Hostel B,231,2579.67,1,Normal,39.47177768166091,39.5,47.4,🟡 Medium Risk,⚠️ Monitor usage and inspect possible wastage,0.0,⚠️ Monitor consumption + inspect high-use areas,0.0
42,College Block A,233,1771.4,1,Normal,8.189652539836692,8.2,9.8,🟢 Low Risk,✅ Usage is within the normal range,0.0,✅ Maintain current usage and continue monitoring,0.0
42,College Block B,160,1854.32,1,Normal,16.94937167904389,16.9,20.3,🟢 Low Risk,✅ Usage is within the normal range,0.0,✅ Maintain current usage and continue monitoring,0.0
42,Canteen,183,1669.47,1,Normal,2.139179751667931,2.1,2.6,🟢 Low Risk,✅ Usage is within the normal range,0.0,✅ Maintain current usage and continue monitoring,0.0
43,Hostel A,220,2337.43,1,Normal,49.934251460900455,49.9,59.9,🟡 Medium Risk,⚠️ Monitor usage and inspect possible wastage,0.0,⚠️ Monitor consumption + inspect high-use areas,0.0
43,Hostel B,237,4785.04,-1,Abnormal,158.7067474048443,100.0,100.0,🔴 High Risk,"🚨 Inspect pipes, taps and tanks immediately",2935.44,"🚨 Immediate inspection + check pipes, taps and tanks",2935.44
43,College Block A,247,2769.1,1,Normal,69.12496717176344,69.1,82.9,🔴 High Risk,"🚨 Inspect pipes, taps and tanks immediately",0.0,"🚨 Immediate inspection + check pipes, taps and tanks",0.0
43,College Block B,192,1696.19,1,Normal,6.976333506772008,7.0,8.4,🟢 Low Risk,✅ Usage is within the normal range,0.0,✅ Maintain current usage and continue monitoring,0.0
43,Canteen,142,1140.24,1,Normal,-30.23943028623345,0.0,0.0,🟢 Low Risk,✅ Usage is within the normal range,0.0,✅ Maintain current usage and continue monitoring,0.0
44,Hostel A,89,794.06,1,Normal,-49.06508784646274,0.0,0.0,🟢 Low Risk,✅ Usage is within the normal range,0.0,✅ Maintain current usage and continue monitoring,0.0
44,Hostel B,203,2227.48,1,Normal,20.430363321799312,20.4,24.5,🟢 Low Risk,✅ Usage is within the normal range,0.0,✅ Maintain current usage and continue monitoring,0.0
44,College Block A,146,1409.72,1,Normal,-13.900238806334778,0.0,0.0,🟢 Low Risk,✅ Usage is within the normal range,0.0,✅ Maintain current usage and continue monitoring,0.0
44,College Block B,151,1217.55,1,Normal,-23.21082257225296,0.0,0.0,🟢 Low Risk,✅ Usage is within the normal range,0.0,✅ Maintain current usage and continue monitoring,0.0
44,Canteen,87,759.21,1,Normal,-53.55107509613002,0.0,0.0,🟢 Low Risk,✅ Usage is within the normal range,0.0,✅ Maintain current usage and continue monitoring,0.0
45,Hostel A,157,1413.35,1,Normal,-9.340782696267414,0.0,0.0,🟢 Low Risk,✅ Usage is within the normal range,0.0,✅ Maintain current usage and continue monitoring,0.0
45,Hostel B,153,1184.38,1,Normal,-35.965614186851205,0.0,0.0,🟢 Low Risk,✅ Usage is within the normal range,0.0,✅ Maintain current usage and continue monitoring,0.0
45,College Block A,226,1969.7,1,Normal,20.300981487928375,20.3,24.4,🟢 Low Risk,✅ Usage is within the normal range,0.0,✅ Maintain current usage and continue monitoring,0.0
45,College Block B,208,2507.27,1,Normal,58.130015924822246,58.1,69.8,🟡 Medium Risk,⚠️ Monitor usage and inspect possible wastage,0.0,⚠️ Monitor consumption + inspect high-use areas,0.0
45,Canteen,209,2162.83,1,Normal,32.323241593020505,32.3,38.8,🟢 Low Risk,✅ Usage is within the normal range,0.0,✅ Maintain current usage and continue monitoring,0.0
46,Hostel A,132,1146.54,1,Normal,-26.455287786166508,0.0,0.0,🟢 Low Risk,✅ Usage is within the normal range,0.0,✅ Maintain current usage and continue monitoring,0.0
46,Hostel B,165,1859.07,1,Normal,0.5120025951557109,0.5,0.6,🟢 Low Risk,✅ Usage is within the normal range,0.0,✅ Maintain current usage and continue monitoring,0.0
46,College Block A,207,1665.71,1,Normal,1.7345524060807112,1.7,2.1,🟢 Low Risk,✅ Usage is within the normal range,0.0,✅ Maintain current usage and continue monitoring,0.0
46,College Block B,93,955.1,1,Normal,-39.763177396212726,0.0,0.0,🟢 Low Risk,✅ Usage is within the normal range,0.0,✅ Maintain current usage and continue monitoring,0.0
46,Canteen,101,1293.81,1,Normal,-20.843925225068148,0.0,0.0,🟢 Low Risk,✅ Usage is within the normal range,0.0,✅ Maintain current usage and continue monitoring,0.0
47,Hostel A,108,815.86,1,Normal,-47.66672867341899,0.0,0.0,🟢 Low Risk,✅ Usage is within the normal range,0.0,✅ Maintain current usage and continue monitoring,0.0
47,Hostel B,232,2419.97,1,Normal,30.83747837370242,30.8,37.0,🟢 Low Risk,✅ Usage is within the normal range,0.0,✅ Maintain current usage and continue monitoring,0.0
47,College Block A,196,1608.91,1,Normal,-1.7345524060806972,0.0,0.0,🟢 Low Risk,✅ Usage is within the normal range,0.0,✅ Maintain current usage and continue monitoring,0.0
47,College Block B,132,1238.89,1,Normal,-21.86493858694794,0.0,0.0,🟢 Low Risk,✅ Usage is within the normal range,0.0,✅ Maintain current usage and continue monitoring,0.0
47,Canteen,233,2165.82,1,Normal,32.50617159323465,32.5,39.0,🟢 Low Risk,✅ Usage is within the normal range,0.0,✅ Maintain current usage and continue monitoring,0.0
48,Hostel A,133,1626.18,1,Normal,4.311179817443571,4.3,5.2,🟢 Low Risk,✅ Usage is within the normal range,0.0,✅ Maintain current usage and continue monitoring,0.0
48,Hostel B,115,1358.72,1,Normal,-26.539792387543248,0.0,0.0,🟢 Low Risk,✅ Usage is within the normal range,0.0,✅ Maintain current usage and continue monitoring,0.0
48,College Block A,133,1304.13,1,Normal,-20.3492313611961,0.0,0.0,🟢 Low Risk,✅ Usage is within the normal range,0.0,✅ Maintain current usage and continue monitoring,0.0
48,College Block B,229,6287.83,-1,Abnormal,296.56465320152,100.0,100.0,🔴 High Risk,"🚨 Inspect pipes, taps and tanks immediately",4702.255,"🚨 Immediate inspection + check pipes, taps and tanks",4702.255
48,Canteen,188,1423.39,1,Normal,-12.916142807761371,0.0,0.0,🟢 Low Risk,✅ Usage is within the normal range,0.0,✅ Maintain current usage and continue monitoring,0.0
49,Hostel A,152,1258.15,1,Normal,-19.296073689679723,0.0,0.0,🟢 Low Risk,✅ Usage is within the normal range,0.0,✅ Maintain current usage and continue monitoring,0.0
49,Hostel B,121,2573.28,1,Normal,39.12629757785469,39.1,47.0,🟡 Medium Risk,⚠️ Monitor usage and inspect possible wastage,0.0,⚠️ Monitor consumption + inspect high-use areas,0.0
49,College Block A,187,2115.9,1,Normal,29.23026183190722,29.2,35.1,🟢 Low Risk,✅ Usage is within the normal range,0.0,✅ Maintain current usage and continue monitoring,0.0
49,College Block B,123,1207.75,1,Normal,-23.828894880406153,0.0,0.0,🟢 Low Risk,✅ Usage is within the normal range,0.0,✅ Maintain current usage and continue monitoring,0.0
49,Canteen,96,1013.32,1,Normal,-38.004472302011926,0.0,0.0,🟢 Low Risk,✅ Usage is within the normal range,0.0,✅ Maintain current usage and continue monitoring,0.0
50,Hostel A,162,1738.44,1,Normal,11.512088109456887,11.5,13.8,🟢 Low Risk,✅ Usage is within the normal range,0.0,✅ Maintain current usage and continue monitoring,0.0
50,Hostel B,197,5997.78,-1,Abnormal,224.274437716263,100.0,100.0,🔴 High Risk,"🚨 Inspect pipes, taps and tanks immediately",4148.18,"🚨 Immediate inspection + check pipes, taps and tanks",4148.18
50,College Block A,111,1300.13,1,Normal,-20.593534516982114,0.0,0.0,🟢 Low Risk,✅ Usage is within the normal range,0.0,✅ Maintain current usage and continue monitoring,0.0
50,College Block B,230,1984.06,1,Normal,25.131892215757702,25.1,30.2,🟢 Low Risk,✅ Usage is within the normal range,0.0,✅ Maintain current usage and continue monitoring,0.0
50,Canteen,86,772.62,1,Normal,-52.73064322225996,0.0,0.0,🟢 Low Risk,✅ Usage is within the normal range,0.0,✅ Maintain current usage and continue monitoring,0.0
51,Hostel A,138,1772.04,1,Normal,13.667357293597693,13.7,16.4,🟢 Low Risk,✅ Usage is within the normal range,0.0,✅ Maintain current usage and continue monitoring,0.0
51,Hostel B,225,2255.59,1,Normal,21.950151384083057,22.0,26.3,🟢 Low Risk,✅ Usage is within the normal range,0.0,✅ Maintain current usage and continue monitoring,0.0
51,College Block A,93,2456.96,1,Normal,50.06077041000177,50.1,60.1,🟡 Medium Risk,⚠️ Monitor usage and inspect possible wastage,0.0,⚠️ Monitor consumption + inspect high-use areas,0.0
51,College Block B,247,2352.09,1,Normal,48.34303013102505,48.3,58.0,🟡 Medium Risk,⚠️ Monitor usage and inspect possible wastage,0.0,⚠️ Monitor consumption + inspect high-use areas,0.0
51,Canteen,118,1219.32,1,Normal,-25.401268273881094,0.0,0.0,🟢 Low Risk,✅ Usage is within the normal range,0.0,✅ Maintain current usage and continue monitoring,0.0
52,Hostel A,240,2814.1,-1,Abnormal,80.51020866341237,80.5,96.6,🔴 High Risk,"🚨 Inspect pipes, taps and tanks immediately",1255.1299999999999,"🚨 Immediate inspection + check pipes, taps and tanks",1255.1299999999999
52,Hostel B,205,4091.61,-1,Abnormal,121.2159385813149,100.0,100.0,🔴 High Risk,"🚨 Inspect pipes, taps and tanks immediately",2242.01,"🚨 Immediate inspection + check pipes, taps and tanks",2242.01
52,College Block A,97,1138.54,1,Normal,-30.46277125284766,0.0,0.0,🟢 Low Risk,✅ Usage is within the normal range,0.0,✅ Maintain current usage and continue monitoring,0.0
52,College Block B,118,946.64,1,Normal,-40.2967377765164,0.0,0.0,🟢 Low Risk,✅ Usage is within the normal range,0.0,✅ Maintain current usage and continue monitoring,0.0
52,Canteen,200,2116.25,1,Normal,29.47344914821306,29.5,35.4,🟢 Low Risk,✅ Usage is within the normal range,0.0,✅ Maintain current usage and continue monitoring,0.0
53,Hostel A,182,1562.94,1,Normal,0.2546553172928297,0.3,0.3,🟢 Low Risk,✅ Usage is within the normal range,0.0,✅ Maintain current usage and continue monitoring,0.0
53,Hostel B,225,3573.76,-1,Abnormal,93.21799307958479,93.2,100.0,🔴 High Risk,"🚨 Inspect pipes, taps and tanks immediately",1724.1600000000003,"🚨 Immediate inspection + check pipes, taps and tanks",1724.1600000000003
53,College Block A,152,1184.73,1,Normal,-27.64168056140865,0.0,0.0,🟢 Low Risk,✅ Usage is within the normal range,0.0,✅ Maintain current usage and continue monitoring,0.0
53,College Block B,116,1264.41,1,Normal,-20.255427841634724,0.0,0.0,🟢 Low Risk,✅ Usage is within the normal range,0.0,✅ Maintain current usage and continue monitoring,0.0
53,Canteen,118,1353.57,1,Normal,-17.18777244486864,0.0,0.0,🟢 Low Risk,✅ Usage is within the normal range,0.0,✅ Maintain current usage and continue monitoring,0.0
54,Hostel A,232,6122.94,-1,Abnormal,292.75547316497426,100.0,100.0,🔴 High Risk,"🚨 Inspect pipes, taps and tanks immediately",4563.969999999999,"🚨 Immediate inspection + check pipes, taps and tanks",4563.969999999999
54,Hostel B,172,1865.13,1,Normal,0.8396410034602184,0.8,1.0,🟢 Low Risk,✅ Usage is within the normal range,0.0,✅ Maintain current usage and continue monitoring,0.0
54,College Block A,136,1445.21,1,Normal,-11.732659056623358,0.0,0.0,🟢 Low Risk,✅ Usage is within the normal range,0.0,✅ Maintain current usage and continue monitoring,0.0
54,College Block B,82,965.21,1,Normal,-39.12555382116897,0.0,0.0,🟢 Low Risk,✅ Usage is within the normal range,0.0,✅ Maintain current usage and continue monitoring,0.0
54,Canteen,88,1129.02,1,Normal,-30.925876641552037,0.0,0.0,🟢 Low Risk,✅ Usage is within the normal range,0.0,✅ Maintain current usage and continue monitoring,0.0
55,Hostel A,140,1080.35,1,Normal,-30.70103978909152,0.0,0.0,🟢 Low Risk,✅ Usage is within the normal range,0.0,✅ Maintain current usage and continue monitoring,0.0
55,Hostel B,82,1157.62,1,Normal,-37.41241349480969,0.0,0.0,🟢 Low Risk,✅ Usage is within the normal range,0.0,✅ Maintain current usage and continue monitoring,0.0
55,College Block A,199,2164.02,1,Normal,32.16922879601298,32.2,38.6,🟢 Low Risk,✅ Usage is within the normal range,0.0,✅ Maintain current usage and continue monitoring,0.0
55,College Block B,202,1875.6,1,Normal,18.291471548176535,18.3,21.9,🟢 Low Risk,✅ Usage is within the normal range,0.0,✅ Maintain current usage and continue monitoring,0.0
55,Canteen,232,2632.22,1,Normal,61.040804402556105,61.0,73.2,🔴 High Risk,"🚨 Inspect pipes, taps and tanks immediately",0.0,"🚨 Immediate inspection + check pipes, taps and tanks",0.0
56,Hostel A,218,1792.54,1,Normal,14.982328075588363,15.0,18.0,🟢 Low Risk,✅ Usage is within the normal range,0.0,✅ Maintain current usage and continue monitoring,0.0
56,Hostel B,117,1054.76,1,Normal,-42.97361591695502,0.0,0.0,🟢 Low Risk,✅ Usage is within the normal range,0.0,✅ Maintain current usage and continue monitoring,0.0
56,College Block A,139,1341.25,1,Normal,-18.082098075501886,0.0,0.0,🟢 Low Risk,✅ Usage is within the normal range,0.0,✅ Maintain current usage and continue monitoring,0.0
56,College Block B,160,1323.94,1,Normal,-16.50095391261844,0.0,0.0,🟢 Low Risk,✅ Usage is within the normal range,0.0,✅ Maintain current usage and continue monitoring,0.0
56,Canteen,146,1484.15,1,Normal,-9.198809425483557,0.0,0.0,🟢 Low Risk,✅ Usage is within the normal range,0.0,✅ Maintain current usage and continue monitoring,0.0
57,Hostel A,170,1972.38,1,Normal,26.518149804037282,26.5,31.8,🟢 Low Risk,✅ Usage is within the normal range,0.0,✅ Maintain current usage and continue monitoring,0.0
57,Hostel B,171,2219.86,1,Normal,20.018382352941188,20.0,24.0,🟢 Low Risk,✅ Usage is within the normal range,0.0,✅ Maintain current usage and continue monitoring,0.0
57,College Block A,248,2374.2,1,Normal,45.00613811678912,45.0,54.0,🟡 Medium Risk,⚠️ Monitor usage and inspect possible wastage,0.0,⚠️ Monitor consumption + inspect high-use areas,0.0
57,College Block B,212,2319.95,1,Normal,46.316005234694046,46.3,55.6,🟡 Medium Risk,⚠️ Monitor usage and inspect possible wastage,0.0,⚠️ Monitor consumption + inspect high-use areas,0.0
57,Canteen,110,1206.52,1,Normal,-26.184379980483396,0.0,0.0,🟢 Low Risk,✅ Usage is within the normal range,0.0,✅ Maintain current usage and continue monitoring,0.0
58,Hostel A,238,1778.03,1,Normal,14.051585341603747,14.1,16.9,🟢 Low Risk,✅ Usage is within the normal range,0.0,✅ Maintain current usage and continue monitoring,0.0
58,Hostel B,156,1588.58,1,Normal,-14.112240484429064,0.0,0.0,🟢 Low Risk,✅ Usage is within the normal range,0.0,✅ Maintain current usage and continue monitoring,0.0
58,College Block A,177,1871.8,1,Normal,14.321661750065656,14.3,17.2,🟢 Low Risk,✅ Usage is within the normal range,0.0,✅ Maintain current usage and continue monitoring,0.0
58,College Block B,242,2255.89,1,Normal,42.27583053466409,42.3,50.7,🟡 Medium Risk,⚠️ Monitor usage and inspect possible wastage,0.0,⚠️ Monitor consumption + inspect high-use areas,0.0
58,Canteen,158,1818.0,1,Normal,11.226334578358578,11.2,13.5,🟢 Low Risk,✅ Usage is within the normal range,0.0,✅ Maintain current usage and continue monitoring,0.0
59,Hostel A,227,2404.21,1,Normal,54.21784896438033,54.2,65.1,🟡 Medium Risk,⚠️ Monitor usage and inspect possible wastage,0.0,⚠️ Monitor consumption + inspect high-use areas,0.0
59,Hostel B,229,2400.73,1,Normal,29.797253460207617,29.8,35.8,🟢 Low Risk,✅ Usage is within the normal range,0.0,✅ Maintain current usage and continue monitoring,0.0
59,College Block A,101,1011.5,1,Normal,-38.22183948061149,0.0,0.0,🟢 Low Risk,✅ Usage is within the normal range,0.0,✅ Maintain current usage and continue monitoring,0.0
59,College Block B,86,732.02,-1,Abnormal,-53.83252132507135,0.0,0.0,🟢 Low Risk,✅ Usage is within the normal range,0.0,✅ Maintain current usage and continue monitoring,0.0
59,Canteen,190,2002.15,1,Normal,22.49274245107846,22.5,27.0,🟢 Low Risk,✅ Usage is within the normal range,0.0,✅ Maintain current usage and continue monitoring,0.0
60,Hostel A,108,1381.84,1,Normal,-11.361989005561371,0.0,0.0,🟢 Low Risk,✅ Usage is within the normal range,0.0,✅ Maintain current usage and continue monitoring,0.0
60,Hostel B,118,1140.98,1,Normal,-38.31206747404844,0.0,0.0,🟢 Low Risk,✅ Usage is within the normal range,0.0,✅ Maintain current usage and continue monitoring,0.0
60,College Block A,163,1852.18,1,Normal,13.123354770935261,13.1,15.7,🟢 Low Risk,✅ Usage is within the normal range,0.0,✅ Maintain current usage and continue monitoring,0.0
60,College Block B,160,1616.28,1,Normal,1.936521451208562,1.9,2.3,🟢 Low Risk,✅ Usage is within the normal range,0.0,✅ Maintain current usage and continue monitoring,0.0
60,Canteen,245,2086.29,1,Normal,27.640478309947035,27.6,33.2,🟢 Low Risk,✅ Usage is within the normal range,0.0,✅ Maintain current usage and continue monitoring,0.0
